id,title,description,release_year,age_certification,runtime,genres,production_country,seasons
308,rem quibusdam Story,Tempora esse voluptates ipsa nobis aut itaque modi accusantium. Asperiores illo doloribus error est repellendus labore tempora temporibus accusamus. Quia cupiditate reprehenderit provident voluptatibus commodi veritatis aperiam qui odio. Ad quae repellat. Nihil quod pariatur nisi totam nemo accusantium tempora perferendis.,2023,U/A,106,Family,RW,10
407,ipsum harum Story,Dicta soluta excepturi unde. Deleniti atque maiores suscipit sapiente.,2023,R18+,95,Adventure,SO,5
3140,facere fugit Story,Dolores praesentium ducimus earum modi ullam. Quis veritatis quo eum aperiam sapiente unde aperiam eligendi impedit. Voluptas eius ad provident exercitationem cupiditate culpa aliquid.,2022,TV-14,124,Action,KW,10
3223,ex tenetur Story,Quo illo non quibusdam nemo aliquid. In hic et officia enim id accusantium consequuntur rem.,2023,U/A,71,Thriller,ET,
3482,ut iusto Story,Eaque harum iste fugit quod cupiditate. Perferendis repellendus odio. Voluptate laboriosam sed cum. Officia quidem voluptatem nam nemo amet dolorem aperiam.,2023,R16,107,Animation,TM,8
1370,tempore natus Story,Numquam earum accusantium. Sint ex non. Rem ex minus. Similique consectetur eveniet ipsam praesentium dolorum perspiciatis blanditiis. Reiciendis quidem tempore dolores quas ipsa vel aut culpa. Dolore perferendis corporis quisquam voluptatem qui commodi voluptatum maiores.,2022,MA15+,154,Sci-Fi,KZ,
1481,voluptates non Story,Ipsa facilis nostrum qui consectetur nulla voluptate. Saepe totam illo in animi quos sapiente minima. Sit autem saepe repellat necessitatibus porro id harum.,2023,R21,97,Adventure,AG,1
3158,aut repudiandae Story,Possimus ab enim necessitatibus esse earum temporibus ad. Excepturi maxime necessitatibus. Eius ducimus non architecto consequuntur. Aspernatur esse voluptates dolor.,2023,S,75,Documentary,KW,
940,dolore aliquam Story,Soluta et iste molestias tempora qui. Eius laboriosam iste quasi. Aliquid illum fuga. Dolorum quibusdam provident libero. Cum ea distinctio at rem eveniet esse nihil nemo vitae. Rem facere esse ipsa dolorem.,2022,TV-Y7,78,Thriller,IS,3
1915,magnam repellat Story,Necessitatibus ut adipisci nesciunt aliquid quibusdam. Impedit ea ipsa consequuntur cupiditate rerum. Quam distinctio recusandae aliquid et dignissimos repudiandae excepturi. Ut fuga cumque necessitatibus unde ipsa repellendus nisi illum. Architecto iste magni. Exercitationem architecto ducimus veritatis officia a.,2023,G,107,Adventure,SI,
3503,perspiciatis et Story,Unde incidunt odit delectus temporibus magnam nihil molestiae dolores. Aperiam adipisci inventore voluptatem numquam commodi harum unde earum assumenda. Voluptatum inventore itaque illum. Voluptates dignissimos quidem iure.,2023,A,113,Drama,CR,3
700,ea eius Story,Occaecati delectus non odio. Inventore magnam tenetur magni occaecati aliquam eos. Quaerat et tempora. Officiis ad minus soluta harum asperiores. Totam fugit maxime quae aut optio. Quo minima rerum ipsa esse atque.,2022,R16,143,Comedy,MS,
1985,tempora repellat Story,Rem doloremque dolore soluta commodi consectetur nulla fugiat omnis veniam. Nobis soluta quod illum similique ullam incidunt. Reprehenderit ex corporis magni. Dolores nisi quo est.,2022,R21,78,Comedy,GA,4
2382,perspiciatis quibusdam Story,Minima adipisci ab. Alias illum aspernatur odit rerum deleniti excepturi ratione quo id. Perspiciatis necessitatibus quidem quae. Expedita repellendus mollitia assumenda minus cum. Praesentium amet ducimus assumenda voluptatem ex nemo voluptas ratione.,2023,18,70,Fantasy,MT,1
488,odit delectus Story,Veritatis quae incidunt. Aliquam pariatur eius numquam quasi dolores fugiat molestiae quos in. Nemo aliquid eligendi placeat aut.,2022,T,178,Adventure,BT,9
972,aliquid nisi Story,Sit neque velit molestias officiis. Repellat explicabo maxime unde voluptatum amet eum error. Quo aliquam tempore beatae explicabo. Culpa dolorem corporis.,2023,M,88,Family,JE,10
858,pariatur excepturi Story,Repudiandae hic illum quo possimus esse at ratione. Repellendus repudiandae suscipit accusantium et ducimus.,2023,R18,124,Comedy,NF,
341,doloremque doloremque Story,Dolorem harum est fuga quis quisquam sit praesentium facilis. Alias ad ex corporis perspiciatis exercitationem inventore labore quos. Blanditiis a sequi eaque harum non dolor cupiditate harum. Quo praesentium autem repellendus. Corrupti debitis deleniti consectetur.,2022,TV-MA,119,Horror,FJ,
3386,amet ex Story,Quo non debitis ad quos sit odio accusantium dignissimos. Ut voluptas tenetur consequuntur harum. Ipsum delectus voluptate omnis laboriosam laborum fugit necessitatibus. Neque inventore perferendis. Omnis veniam nesciunt earum tenetur voluptatibus pariatur quia libero praesentium. Et dolore quae nulla voluptas iure aliquid accusantium soluta.,2023,S,96,Family,CU,
1950,itaque quas Story,Doloremque necessitatibus aliquam ad saepe mollitia iure quasi corrupti nihil. Libero doloremque enim quibusdam asperiores quasi alias. Quod itaque omnis voluptates provident accusamus voluptatum perferendis minima. Ad adipisci modi quisquam libero atque. Incidunt recusandae laboriosam ipsum rem architecto.,2023,18R,84,Sci-Fi,GS,
1082,occaecati voluptate Story,Sint ad aut possimus eveniet. Quibusdam mollitia sequi perspiciatis beatae ab ab. Aut qui nam impedit corrupti eligendi sed quibusdam mollitia. Fugit iste quam incidunt blanditiis. Maiores iste ducimus ratione modi molestias. Consectetur et deserunt qui dignissimos consectetur.,2023,9,144,Drama,NG,3
2994,ipsa necessitatibus Story,Adipisci vitae eum. Eos necessitatibus tempora. Laboriosam ratione sunt ad ratione minima harum minus quis. Ullam necessitatibus dicta odio similique in atque quas.,2022,E10+,176,Animation,CD,5
3136,quis magnam Story,Exercitationem facere omnis animi illum quo iste minima. Nemo eius error repudiandae iusto adipisci amet blanditiis culpa veritatis.,2022,U/A,99,Romance,NP,2
1206,alias sint Story,Ducimus ut in fugit voluptates odio pariatur fuga. Ea similique deserunt dolorem culpa harum error officia tempora. Voluptatibus est maxime beatae illo voluptates. Velit aliquid voluptates dicta veniam delectus quae ipsa dolores.,2023,M,76,Horror,BI,
140,architecto porro Story,Amet numquam et molestiae consequuntur. Sequi dolor assumenda impedit autem. Saepe occaecati nemo quibusdam temporibus eligendi. Esse voluptate labore. Maiores sit et.,2022,TV-PG,90,Adventure,OM,8
1328,dolor alias Story,Provident ipsum id ab nisi nam commodi. Sed voluptatibus enim consequuntur fuga blanditiis dolores beatae fugiat. Optio dignissimos consequatur explicabo maxime nihil maxime. Animi repellat quae exercitationem iusto aliquid.,2023,R18+,85,Romance,TK,
2205,nam modi Story,Omnis dolores maxime quis ipsa natus eos consequatur. Facere aliquid tempora veniam fuga amet. Impedit quas veniam placeat nisi.,2023,X18,102,Animation,TD,2
1308,explicabo soluta Story,Magni accusantium saepe hic sint sapiente iure minima. Porro eveniet molestiae possimus modi enim ad consequatur. Repellat porro rem ab consectetur quia illum accusamus perspiciatis. Placeat fugit aliquam deserunt. Cum adipisci minus vel quidem reprehenderit necessitatibus. Veritatis aliquid ad unde.,2022,R16,86,Documentary,TZ,
2681,similique aperiam Story,Quasi neque quam ipsa ullam distinctio earum alias doloribus. Minima asperiores recusandae rerum similique. Quae voluptatum eaque animi.,2022,9,105,Drama,FK,
1429,ducimus maiores Story,Doloribus laudantium placeat temporibus illum sequi. Labore perspiciatis quas ab odit. Nam aperiam quas ad numquam est occaecati iusto officiis amet. Quia vel sed sit temporibus labore fuga dolorum nulla. Nisi ab accusantium.,2023,18,180,Animation,AD,
3161,error alias Story,Itaque ducimus labore atque deleniti ullam est iure illum. Saepe ex possimus adipisci eaque. Libero dicta libero ipsum.,2023,TV-G,120,Adventure,CI,
2819,rem illum Story,Voluptates vero dolorum dolorem. Quos distinctio dolores dolore maiores nulla totam voluptatibus minus. Nemo ullam repellat quibusdam fugiat labore officia praesentium quam. Cumque ducimus deserunt repellat dignissimos dignissimos quia autem tenetur occaecati. Laborum esse officia iure laboriosam explicabo. Et consectetur quis voluptate quidem minima sint.,2023,18R,108,Drama,DZ,
2823,ea provident Story,Dolores vitae alias recusandae molestiae voluptate. Quisquam inventore earum libero quis perspiciatis accusamus. Odio quo tenetur dolore ipsa laudantium odio quas culpa.,2023,15,164,Drama,CD,6
409,provident quam Story,Expedita consequatur accusamus deleniti beatae atque fuga recusandae explicabo. Cum quia saepe inventore qui ratione dolorum labore. Rem ipsum deserunt recusandae tempora eum numquam. Amet autem error neque.,2023,M,76,Thriller,NA,6
1218,sapiente reprehenderit Story,Perspiciatis voluptatum qui. Debitis iusto labore repellendus accusantium. Dolorem accusantium rerum occaecati cupiditate praesentium veniam perspiciatis. Rerum eum molestias itaque. Recusandae eligendi quia.,2023,15,97,Mystery,GS,
2271,voluptates quam Story,Officia eius adipisci consequuntur. Aliquid quae modi temporibus atque reprehenderit inventore laudantium. Voluptatem reprehenderit cumque tenetur dolorem tempora maxime et.,2023,EC,72,Adventure,PM,
2313,ad incidunt Story,Velit numquam possimus natus. Neque rerum ipsum deleniti. Recusandae corrupti sint praesentium. Consectetur quibusdam repellendus neque. Tempora fuga mollitia qui.,2023,R16,117,Documentary,MY,
3531,enim repudiandae Story,Soluta dolorum quibusdam vitae dolorum tenetur laborum sint reiciendis. Fugit ratione at. Cum nihil accusantium blanditiis alias aliquid corrupti. Velit odio totam placeat dolorum. Unde assumenda iste aperiam autem fuga voluptatem. Inventore odio occaecati odit minima saepe praesentium maxime quia.,2022,GP,137,Thriller,SK,
1040,deleniti velit Story,Ad odio voluptatum a illum optio facilis. Minus dolor aliquid officia molestiae deleniti autem ipsum inventore sunt. Ad ab exercitationem mollitia eos impedit quasi facere. Saepe consectetur earum aspernatur inventore natus. Eum quasi possimus vitae itaque nulla necessitatibus esse enim vitae. Enim molestiae soluta.,2022,M,60,Drama,MA,3
1093,atque saepe Story,Ipsam pariatur amet. Nobis ad similique voluptatum minus. Nulla facilis deleniti voluptatem nihil impedit doloremque pariatur doloremque.,2023,M,180,Comedy,EE,
600,minus fuga Story,Velit expedita fugiat quod tenetur nobis doloribus neque. Eligendi repellendus laboriosam soluta placeat quae magni animi aliquid. Vitae temporibus dignissimos sed rerum impedit numquam voluptatibus. Voluptas fugit molestiae magnam rerum. Minus amet est reiciendis in ipsa consequuntur totam minus qui. Molestiae alias est repudiandae repudiandae minima recusandae praesentium minus.,2023,15,160,Comedy,MF,3
209,dolore consectetur Story,Possimus voluptas iure sed veniam. Ipsum magnam atque odio sequi et ex deleniti eum. Laborum soluta voluptas sunt tempora. Voluptates commodi temporibus enim libero quas deleniti omnis. At sunt nisi rem quaerat optio. Ad quidem illum officia laboriosam fugiat.,2023,U,129,Family,LU,
3196,quibusdam fuga Story,Cupiditate vel blanditiis quo doloribus. Excepturi quidem officia maiores odio aperiam.,2023,TV-Y,70,Family,NF,
2618,odit praesentium Story,Recusandae ipsam rerum repellendus aut labore nam. Impedit commodi nam in libero non fugiat porro quibusdam harum. Sunt accusamus quasi debitis similique recusandae itaque qui. Maxime iusto tempore voluptate possimus. Maxime aliquid eum similique eaque architecto voluptatum rerum consequatur.,2023,TV-G,152,Animation,AT,
503,consectetur corporis Story,Ipsa natus placeat ea et. Ad iste excepturi quam enim hic.,2022,C,179,Thriller,PK,3
414,sequi ipsum Story,Laborum laborum nobis quidem harum distinctio maiores officiis. Impedit reiciendis ducimus. Quisquam natus ipsam ipsum aut dignissimos dolorum repellendus beatae veniam. Reiciendis harum quisquam harum ratione voluptatum sit illo.,2022,E10+,170,Mystery,WS,
357,libero asperiores Story,Facilis fuga odio ipsum commodi voluptatum possimus esse. Doloribus ullam repellat commodi quod optio necessitatibus rerum. Dolores numquam impedit vel consequuntur. Cumque eius est voluptatibus nemo voluptatum adipisci.,2023,M/PG,63,Comedy,PM,
2159,sunt occaecati Story,Officia consequatur quas. Quaerat magnam nemo sed qui adipisci repellat amet recusandae impedit. Cum tempore provident mollitia assumenda ipsa explicabo alias impedit. Perferendis exercitationem velit. Doloribus nihil doloribus veritatis exercitationem. Cum sed doloremque autem quasi fugiat odio.,2023,TV-PG,84,Fantasy,CW,
1637,aperiam rem Story,Architecto animi iste quas quaerat cum. Veritatis expedita eveniet doloremque. Voluptatum quo quod fugit tempora repellat ab id dicta. Ad nihil occaecati eligendi deleniti ut tenetur. Laudantium perspiciatis architecto laudantium accusamus enim officia.,2023,TV-PG,155,Thriller,PE,10
666,ullam minima Story,Sint exercitationem magnam voluptates accusamus reprehenderit esse ratione. Rerum voluptatem quis vero nobis. Sint eaque ipsum. Atque adipisci impedit voluptas exercitationem dolor nostrum ipsam. Optio totam ullam voluptatibus quaerat debitis dolor earum.,2023,18R,124,Comedy,BY,
1263,placeat earum Story,Aliquid quod sit sint placeat dolorum et quam. Sequi nihil laboriosam dolorum architecto assumenda amet. Voluptates ex dolor.,2023,18R,94,Thriller,BO,9
2693,quisquam a Story,Repudiandae eum ex animi accusantium reiciendis perspiciatis distinctio sapiente. Numquam ut saepe enim corrupti sint nostrum architecto nulla illo. Consectetur ad ipsa eveniet nesciunt quis.,2022,18R,119,Action,IO,3
2723,eligendi blanditiis Story,Vitae ea distinctio iste quae sequi. Fugiat voluptatum distinctio. Itaque modi repellat distinctio repellat eveniet magnam quis. Nulla rerum rem autem consequuntur at nihil. Ducimus optio officiis. Unde ad quae.,2023,MA15+,60,Fantasy,NF,4
660,fugiat et Story,Repudiandae itaque quaerat. Quasi rerum laborum at fuga aliquam porro perferendis.,2023,GP,127,Adventure,SI,5
3385,eos tenetur Story,Quidem laborum beatae. Inventore fugit quam fuga aliquid saepe fuga aliquam. Quis voluptatum iusto minima. Exercitationem laudantium alias ipsum magnam rem vero ducimus ratione sapiente. Sint aliquam exercitationem commodi.,2023,T,88,Mystery,GW,
3453,aliquam unde Story,Suscipit porro vitae dolor perferendis eligendi eius officia cum. Ipsa omnis assumenda recusandae. Architecto repellat odio magni. Tenetur illo repellat aliquam quo voluptate illum quos. Occaecati adipisci reiciendis non. Accusantium vitae nobis reiciendis et ratione eos.,2023,TV-Y7,122,Mystery,HN,8
22,neque odit Story,Dolor earum maxime ratione ea modi. Quisquam debitis aut eos.,2022,R18,133,Romance,DJ,5
1631,necessitatibus nulla Story,Magnam iste quam non nostrum architecto minus eaque fugiat. Voluptatum vitae culpa. Ipsa nihil necessitatibus ullam incidunt nostrum vero necessitatibus. Dolor ratione dignissimos labore minus blanditiis. Commodi ipsa deserunt asperiores error provident deserunt reprehenderit. Suscipit reiciendis nemo veritatis qui commodi repellat aperiam.,2022,R,65,Romance,MX,
1431,ipsa laboriosam Story,A ratione optio et non voluptate quia odio. Vero doloremque deserunt consectetur est dolor. Deleniti dolorem commodi vitae voluptatum officiis est. Deleniti aliquid non perferendis est blanditiis quae.,2023,12A,110,Adventure,ME,
1790,fugit temporibus Story,Impedit doloribus ipsa odio tempora nisi nihil. Nemo sed alias omnis ad aliquam dignissimos porro. Doloremque repudiandae harum quo magnam magnam veritatis quisquam maxime. Sint earum quae deleniti quaerat sit officiis eaque occaecati dignissimos.,2023,R,170,Animation,HR,5
2944,iusto numquam Story,Nesciunt et blanditiis adipisci quis ipsam enim dolorum. Odit eligendi dolor alias quos. Deleniti eligendi deleniti.,2023,X18,87,Documentary,DJ,8
1064,ratione a Story,Laborum vel atque maiores nemo earum suscipit aspernatur. Ab molestias perferendis perspiciatis veniam quos architecto debitis. Ipsa distinctio quia vero error laboriosam placeat voluptates tenetur. Esse eveniet totam vitae voluptate. In quos nobis amet nihil cumque velit fugiat cupiditate cupiditate. Architecto inventore quae molestiae.,2023,G,140,Action,MP,
1296,saepe quas Story,Tempore eaque odit praesentium unde. Velit rerum tempore amet assumenda. Nesciunt recusandae error laboriosam eos recusandae facilis quaerat.,2023,TV-Y,143,Animation,LU,
422,quasi tenetur Story,Sit iusto aut repudiandae aliquid dignissimos. Accusamus earum iste tempore. Cumque animi corporis quod molestiae deleniti. Eveniet dolorem cumque porro ipsum.,2023,C,179,Fantasy,CZ,
1372,maxime accusamus Story,Quibusdam quos ut possimus harum iure rerum hic corporis. Esse nulla temporibus mollitia nam repellendus.,2022,A,151,Thriller,DK,
2686,similique officia Story,Molestiae corrupti corporis expedita vitae odio. Hic accusamus repudiandae ut amet.,2023,NC-17,99,Fantasy,AR,3
2109,rerum vitae Story,Quae sapiente pariatur. Ex labore temporibus rerum iste similique optio facilis velit. Libero non neque officia provident odio. Ipsam delectus cumque enim minus. Ab itaque animi soluta.,2023,CA,67,Romance,GS,4
1763,commodi necessitatibus Story,Dolore consequatur sequi voluptas ullam eius eligendi. Cum doloremque odit perspiciatis neque occaecati placeat minus. Quos ducimus excepturi deleniti totam aut sit debitis autem facilis.,2022,TV-Y7,84,Horror,BE,1
1765,temporibus atque Story,Quisquam corrupti odio. Fugit omnis alias.,2023,MA15+,111,Fantasy,KZ,
3319,rem voluptatibus Story,Consequuntur quisquam reprehenderit voluptatem molestias adipisci soluta. Corporis repellendus doloremque delectus iste harum laudantium atque sint sapiente.,2023,AL,104,Family,TD,9
658,vitae modi Story,Consequatur harum vel qui sed consectetur itaque. Atque facilis a id.,2022,U,61,Mystery,LU,5
2826,quisquam laudantium Story,Ab consequatur consequatur nihil atque cumque dolor placeat. Minus ipsa soluta. Vel nisi illum totam asperiores voluptatibus officia quia rem repellat. Magni mollitia voluptate voluptates non ea adipisci quo nulla unde. Tempora labore provident illo blanditiis nulla enim. Accusantium iusto nisi.,2022,R16,153,Adventure,CR,7
71,nesciunt consectetur Story,Nam excepturi reprehenderit aspernatur aperiam tempore. Odit fugit animi commodi eaque cum veritatis blanditiis at harum. Aspernatur ab aliquam dicta cumque incidunt dolor corrupti blanditiis.,2022,9,170,Sci-Fi,MP,
1751,voluptatem iusto Story,Sequi perspiciatis corrupti occaecati. Iusto sit eligendi. Nulla hic pariatur tempore nobis beatae voluptates est alias id. Voluptates officiis dolorem similique dolorem. Minus deserunt distinctio rem aliquid dicta pariatur molestiae.,2023,TV-14,148,Sci-Fi,RO,
892,delectus mollitia Story,Omnis quis possimus eligendi. Saepe minus totam distinctio quibusdam rerum cum soluta incidunt. Culpa voluptas exercitationem dolores illo cumque eveniet quidem. Alias nesciunt nostrum vitae iusto beatae voluptas saepe laudantium fugit. Incidunt amet iure modi deleniti. Eos nobis doloribus voluptatem voluptates nihil quas ad voluptatem consequatur.,2022,6,166,Thriller,SG,
2895,numquam in Story,Sed dolorum perspiciatis. Aliquam vel dicta commodi. Corporis voluptatum dignissimos quas nam voluptatum aperiam fugiat. Quibusdam voluptate quia nam deserunt eveniet velit. Quidem saepe rem ut sapiente.,2023,PG-13,112,Family,TW,
334,illo eveniet Story,Numquam odit amet dolore suscipit accusantium. Quasi ipsum vel aut ab laudantium incidunt at vitae suscipit. Fugit voluptas dolorem ipsa esse reiciendis neque rem unde. Numquam magni culpa aliquid nostrum inventore sapiente exercitationem rem.,2022,R,180,Romance,FO,4
1523,impedit quo Story,Distinctio rerum facere dolore rem natus et. Quisquam voluptatum earum eligendi.,2022,S,94,Sci-Fi,PH,
2711,veritatis atque Story,Ratione provident commodi exercitationem quae quibusdam vel facilis. Nisi nemo quaerat necessitatibus odit enim dolor vitae. Ratione ad magnam rerum exercitationem sequi voluptate. Ea corporis illum sint. Officia cumque repudiandae dicta eligendi libero laudantium blanditiis. Pariatur dicta ut explicabo suscipit.,2022,X18,145,Comedy,CC,
324,accusantium aut Story,Quae saepe commodi alias cupiditate. Accusantium nulla maiores nemo veniam perspiciatis in consequatur nemo. Optio officiis quo laudantium cum quibusdam. Sit at voluptatibus modi tempore.,2022,X18,74,Comedy,MG,9
1542,impedit occaecati Story,Dignissimos possimus laboriosam consectetur praesentium ab fugit dolor. Nobis sequi maxime.,2022,R18+,120,Thriller,KR,1
2001,eos mollitia Story,Dolorum ex praesentium at temporibus perspiciatis fugit. Corrupti alias cumque fugit soluta. Odio perferendis officia aspernatur harum repellat vel. Illum quos doloremque commodi.,2022,R21,84,Fantasy,JE,1
2037,voluptas eius Story,Excepturi sint voluptates fugiat excepturi quasi repellendus reprehenderit. Blanditiis deleniti unde quo iusto enim corrupti sequi illo. Aut saepe officia molestias dignissimos.,2023,R,175,Romance,JM,
936,unde quas Story,Ex eveniet sunt animi beatae id et autem in. Magnam accusantium perferendis natus labore.,2022,GP,62,Drama,JP,
373,velit quam Story,Quos commodi iste. Itaque molestiae quis modi accusantium natus maxime necessitatibus. At corrupti accusamus consequuntur placeat inventore autem.,2022,18,75,Family,TH,8
1408,porro aut Story,Veritatis voluptatem ullam ipsam eveniet modi quis. Laboriosam exercitationem laborum nihil. In laborum deleniti quos delectus perspiciatis nam.,2023,PG,120,Documentary,GA,
3436,nam sunt Story,Molestias eaque amet quos reprehenderit. Possimus placeat quibusdam omnis nemo atque. Nostrum distinctio nobis ullam accusantium.,2023,S,149,Fantasy,BB,4
1872,cumque rerum Story,Qui magnam sequi. Officiis facere illo veritatis occaecati eaque necessitatibus quidem. Ipsa tenetur dignissimos inventore. Ex distinctio architecto doloremque tenetur nulla sapiente natus.,2022,9,66,Drama,UG,
2244,totam neque Story,Rem ipsam ea corrupti eos quidem. Qui repudiandae cum neque distinctio commodi. Excepturi atque distinctio vitae.,2023,EC,94,Family,BZ,
3098,pariatur dolor Story,Voluptatem blanditiis quo perspiciatis. Odio vero labore dignissimos praesentium inventore minima voluptas accusamus. Facere placeat a totam.,2022,M/PG,103,Mystery,GQ,
594,dolore expedita Story,Quae rerum eligendi ex. Aliquam et at atque iste deleniti. Velit harum adipisci velit asperiores veritatis. Aliquam ad quam est harum consectetur natus distinctio.,2023,PG-13,160,Adventure,QA,7
1978,reprehenderit vitae Story,Ipsum reprehenderit nostrum. Animi distinctio omnis quam a. Corrupti perferendis ipsa nesciunt pariatur.,2022,X18,170,Adventure,KI,7
3093,nemo esse Story,Tenetur explicabo sunt ipsum velit reiciendis. Dolor quisquam dolores illo temporibus ipsum eaque in officia ex.,2022,GP,120,Comedy,PH,9
2647,ratione mollitia Story,Ab aut placeat libero pariatur corrupti incidunt vero similique. Eligendi perspiciatis aperiam reprehenderit voluptatem asperiores molestias repellendus mollitia ab. Laborum eligendi quidem esse neque ab. Eveniet alias natus sint sed ut excepturi. Accusamus ipsa eaque earum esse.,2023,GP,81,Adventure,VI,
883,officiis harum Story,Perspiciatis consectetur laudantium. Laboriosam odit facere tenetur tempora. Autem fugiat veniam. Facilis dolorum nisi commodi mollitia qui dolor. Doloremque doloribus veniam corrupti temporibus illo molestias.,2022,MA15+,174,Thriller,GN,
2010,a maiores Story,Consequatur natus delectus ut recusandae debitis nostrum quod nisi. Facere adipisci ipsum minima.,2022,M/PG,145,Mystery,AQ,1
937,tenetur commodi Story,Minus veritatis iusto ex debitis officiis debitis provident. Repudiandae doloremque est quia dolorum doloribus tempora laudantium incidunt.,2023,M/PG,145,Animation,PA,
2918,doloribus ab Story,Corporis quod perspiciatis iusto possimus explicabo iure. Sapiente sunt repudiandae veniam rerum repellendus quae dignissimos. Quidem repudiandae culpa possimus unde eos quis aspernatur.,2023,TV-Y,81,Comedy,BM,2
1904,nemo reprehenderit Story,Odio quasi occaecati incidunt repellendus et fugiat perspiciatis. Deleniti ex repellendus excepturi accusantium enim asperiores alias.,2023,CA,73,Animation,BJ,7
3322,veniam minima Story,Quam voluptas eaque impedit vero cupiditate impedit. Delectus et nisi. Ratione voluptatem sit distinctio. Laboriosam sunt nemo rerum.,2022,TV-MA,156,Family,EC,
2683,harum deserunt Story,Nemo qui fugiat itaque enim ratione quam consectetur maxime. Perferendis id qui amet deserunt soluta culpa quis fugiat.,2023,G,165,Family,YE,8
2729,iste omnis Story,Repudiandae tenetur id. Similique doloribus doloribus iure corrupti totam temporibus distinctio iure deserunt. Provident quisquam libero iure. Laborum aperiam consequuntur iure in animi harum. Quo rerum sed iste.,2023,E,85,Thriller,AR,4
14,autem nulla Story,Ipsam ut ex ipsam vitae. Commodi aliquid ex reprehenderit deleniti inventore modi laborum fugiat. Minima praesentium repellendus dolorum similique sit. Deserunt hic in quibusdam maiores porro. Nobis illum quidem aliquam.,2023,TV-G,140,Drama,VA,
993,nisi voluptatibus Story,Voluptas neque est dolorum sapiente ut. Architecto atque cupiditate eligendi quia. Commodi nihil laboriosam ullam maiores. Ad fugiat in voluptas animi ratione.,2023,18R,177,Horror,AR,
2088,iste laborum Story,Rem repellendus delectus sit. Mollitia possimus praesentium.,2023,AL,86,Horror,IN,
2286,id impedit Story,Cumque explicabo expedita error. Voluptas consectetur facere maxime. Nam alias sit ipsum nihil soluta quasi et.,2022,9,119,Comedy,EE,3
1800,consequuntur voluptatibus Story,Eveniet iste quis. Asperiores consectetur repudiandae distinctio laborum asperiores molestiae quod. Illo nostrum ipsa. Sit enim quibusdam aspernatur itaque excepturi architecto corrupti. Necessitatibus similique exercitationem repellendus tempore earum odit provident animi amet.,2023,G,162,Mystery,ZA,
1684,harum dignissimos Story,Blanditiis cupiditate aliquid. Nisi laudantium cum dolor asperiores consequuntur qui nobis repellat. Laborum illum maxime excepturi. Nulla ea excepturi et sint veritatis incidunt iure. Excepturi provident ex aliquid deleniti odio autem earum.,2023,M,126,Sci-Fi,MX,9
1143,incidunt mollitia Story,Maiores modi veniam. Sunt dolorem corrupti perspiciatis. Officiis neque odit nam doloribus tenetur perspiciatis. Fugiat tempora provident repellat perferendis cum beatae est. Sed repellendus praesentium architecto eveniet reprehenderit ut.,2023,TV-PG,89,Thriller,IR,
788,consectetur sit Story,Nostrum dolorum exercitationem ipsa. Eveniet nihil quod.,2023,12,67,Drama,MR,
2394,excepturi temporibus Story,Nemo magnam libero. Quasi dignissimos placeat exercitationem sit occaecati vero nam cumque.,2022,U,140,Comedy,MH,6
132,ipsam illo Story,Vero est sapiente vitae quaerat quas omnis ut quia. Blanditiis pariatur hic similique expedita magni id dolore. Natus aliquam consequuntur perferendis. Ratione quod quas necessitatibus veritatis veniam. Quasi asperiores eveniet nostrum iusto ullam. Ipsam doloribus ab vitae minus iusto nisi eum perspiciatis.,2022,6,105,Animation,PR,8
2927,non quod Story,Sit sint natus dolorum voluptatum consectetur totam aliquid esse. Atque asperiores praesentium similique voluptate blanditiis at excepturi voluptatem nihil. Nesciunt tempore porro.,2023,R18+,65,Sci-Fi,RW,3
2017,iste expedita Story,Corporis expedita fuga soluta corporis eligendi pariatur quos eius. Fugiat delectus labore nesciunt. Praesentium magnam praesentium.,2022,TV-14,172,Documentary,SJ,9
3254,tenetur repellat Story,Quasi ipsam ab dolores commodi quas. Amet esse accusamus doloremque delectus aperiam veniam id.,2023,AL,160,Drama,AI,
2938,incidunt ipsa Story,Quasi ducimus tenetur nesciunt accusamus doloribus unde. Provident dolores et. Fuga similique iusto officiis recusandae. Deserunt tempore a fuga illum facere quas eaque modi. Sapiente deserunt placeat cupiditate.,2022,6,177,Romance,BH,9
2793,aut consequatur Story,Ea esse pariatur maxime praesentium molestias tenetur. Doloribus vero eos at nam fuga nam. Aliquam pariatur corporis dolorem. Alias atque cupiditate ea possimus dolorum eveniet. Repellendus nemo asperiores consequuntur harum unde saepe.,2023,TV-14,113,Sci-Fi,LK,10
1171,dolores aut Story,Labore minima tenetur fugit sit. Possimus commodi labore optio ipsum explicabo. Temporibus voluptatum perspiciatis officia quasi. Dolore explicabo itaque. Occaecati mollitia omnis cupiditate dignissimos.,2022,12,164,Family,CI,
1988,quidem corrupti Story,Incidunt necessitatibus beatae possimus beatae non delectus harum reprehenderit. Alias vel facilis id. Dolores sit ipsam optio omnis esse. Laboriosam unde sequi. Velit repellat rerum corporis nisi sint.,2022,G,65,Documentary,CY,6
3099,et voluptatem Story,Rem corrupti laudantium provident temporibus fugit animi. Labore dolorem asperiores voluptatibus. Est magni hic iusto vel maiores et.,2023,X18,111,Adventure,MR,6
3291,eum debitis Story,Ex culpa mollitia assumenda hic facilis accusantium maxime placeat. Adipisci neque tenetur quo nulla non. Quos facilis doloribus provident voluptatum officia quasi aut ipsa. Cumque doloremque harum fugit cum qui. Aut unde mollitia sequi. Magnam placeat quisquam deleniti culpa amet.,2023,PG,121,Animation,PF,
2011,fuga sit Story,Assumenda provident dignissimos laudantium vero beatae. Iure dolore rem tempora ut. Dolor molestias delectus dolores exercitationem recusandae voluptas aperiam necessitatibus rem.,2023,PG-13,96,Family,HR,
459,repudiandae consectetur Story,Odit nobis blanditiis voluptatem impedit hic. Consequatur fugiat labore quia natus facilis minus impedit minus illo. Perferendis dolorem enim officia ex nihil.,2023,E,114,Romance,BA,
3357,voluptatibus esse Story,Accusamus suscipit doloribus alias. Pariatur maxime voluptas beatae tempore fuga dolorum voluptatum. Delectus delectus voluptates recusandae fugit enim rerum saepe. Fugiat explicabo quia earum ea dolorem aliquid facere accusamus. Odit perferendis nobis aspernatur id ipsum. Mollitia omnis consequatur porro aliquam quas.,2022,TV-G,64,Drama,TR,
2073,incidunt suscipit Story,Porro atque omnis soluta debitis. Quisquam odit eaque consequatur earum odit eaque.,2022,M/PG,125,Drama,IS,
2136,omnis maxime Story,Occaecati unde fugit molestiae iusto odit sequi. Ratione culpa perspiciatis. Sint ea amet voluptas nisi.,2022,TV-PG,125,Thriller,VN,
1852,minima recusandae Story,Deleniti maiores quaerat maxime. Numquam nemo provident laboriosam. Sapiente laborum odit aliquid amet magni debitis dicta corrupti dolore. Itaque labore tenetur animi aperiam facilis eum esse ipsa ratione. Cupiditate occaecati voluptas nam earum.,2022,9,73,Documentary,SZ,10
2149,et iusto Story,Soluta adipisci quisquam ipsa nesciunt sapiente. Voluptates nostrum atque. Totam eveniet nulla animi voluptates nulla dolorum. Iste dolores nesciunt molestias rem laudantium unde amet mollitia. Inventore pariatur voluptatum consectetur pariatur accusamus ad. Quidem natus dolor provident quis nihil est saepe omnis.,2022,TV-Y7,118,Comedy,GL,4
1615,expedita cum Story,Quo quas nam minus fugiat nihil. Magni amet est tempora. Beatae labore asperiores dolor explicabo. Voluptatum ipsam consequatur beatae consequatur aliquam reprehenderit et sint.,2023,12A,65,Sci-Fi,KY,
1293,magni nostrum Story,Nostrum atque est. Vitae debitis earum ut laudantium exercitationem. Autem sit mollitia temporibus. Temporibus facere quaerat fugiat earum unde aspernatur fuga placeat voluptate. Laborum odit quidem eum ipsam placeat cum tenetur quisquam error. Mollitia cum perspiciatis quos voluptate aliquam dolorum iure nihil delectus.,2023,15,118,Drama,SA,6
705,dolores consequatur Story,Occaecati ea ipsum numquam exercitationem. Nesciunt nesciunt tenetur hic nostrum nostrum delectus. Quas consequuntur doloremque eligendi rerum inventore recusandae asperiores dolorem. Quaerat dolorem fugiat esse ducimus fuga. Dolores dicta nesciunt ducimus natus debitis nemo assumenda perspiciatis facilis.,2023,6,141,Animation,AG,10
1513,ducimus asperiores Story,Laudantium et distinctio. Quis incidunt dolor consequuntur laboriosam nobis ratione nulla in laboriosam. Quo natus quisquam facere exercitationem ipsa architecto. Nesciunt ullam ad deserunt cum incidunt cumque. Iure ullam non harum placeat necessitatibus vero praesentium.,2023,R21,168,Thriller,NF,5
2085,esse eligendi Story,Officia fuga voluptatibus nostrum ipsam soluta minus. Neque quibusdam inventore amet corrupti quas ratione ab ea. Totam non sunt eius est rem accusamus libero quod. Asperiores provident cupiditate est quia neque ratione sapiente.,2023,GP,130,Fantasy,NI,1
611,explicabo occaecati Story,Quod aliquid iste numquam. Distinctio veritatis enim distinctio commodi minus sint tempora. Architecto perferendis iusto. Officia placeat maxime iste nam debitis in.,2023,E10+,156,Horror,PH,
48,praesentium delectus Story,Dicta quae explicabo eum officiis esse aspernatur. Blanditiis delectus aspernatur suscipit debitis assumenda provident totam hic iusto.,2023,TV-Y7,145,Thriller,MW,
947,repellendus ea Story,In ex incidunt odit. Iure corrupti ipsam molestias necessitatibus exercitationem aliquam.,2022,GP,116,Adventure,PM,
750,suscipit veniam Story,Quia dolorem qui rerum hic commodi esse perspiciatis. Ea nisi vero cumque maxime cumque mollitia blanditiis necessitatibus dicta.,2023,9,115,Fantasy,FK,
726,amet tempore Story,Dicta dolorum consectetur quaerat fuga sint dolorum amet. Impedit quis recusandae doloremque laborum expedita qui non. Veritatis magnam delectus beatae magnam delectus assumenda maiores officiis unde. Voluptatibus dolore fugit hic accusamus eligendi ab fugit. Ea in vel iure ipsa quibusdam quaerat inventore unde.,2023,TV-Y7,128,Fantasy,RO,5
517,adipisci nemo Story,Voluptate corporis quas. Dolores velit alias assumenda modi veniam. Commodi corrupti maxime. Quos voluptate dolores.,2022,12,127,Horror,GU,6
1694,officia accusantium Story,Eaque minus quis ex aspernatur fugit. Consequatur iste molestias mollitia dolorem voluptatum dolore. Quaerat dolores dolorem recusandae consequuntur voluptates voluptas. Aliquid harum porro. Et facilis quaerat quas mollitia placeat. Quas molestiae soluta excepturi velit tempore deserunt.,2023,MA15+,71,Action,NG,
1301,amet hic Story,Sequi iusto fuga expedita. Voluptate inventore quisquam placeat vitae fugit quidem dolorem sequi. Ex culpa ab.,2022,TV-PG,87,Drama,AF,
143,hic excepturi Story,Esse nesciunt veniam eligendi tempora consequatur. Non laboriosam ducimus.,2022,PG,162,Romance,MS,
3227,inventore maiores Story,Ipsum ipsum maiores optio repellat magni dicta repellendus error. Placeat iusto nemo quae dolores vel repellat molestias iste sapiente. Delectus harum eligendi. Ipsa nostrum doloremque ipsam nesciunt.,2022,9,94,Drama,AD,9
2525,eveniet optio Story,Fugiat libero deleniti maxime earum dolores tempore. Possimus nemo eaque. Porro possimus dolor ad pariatur iusto aliquid occaecati voluptate doloribus. Natus aspernatur voluptates eligendi repellat animi nostrum est officia esse.,2023,R,118,Fantasy,MU,9
3461,blanditiis cum Story,Laborum et fugit fuga amet repellat. Illo voluptatum modi voluptas ut possimus quibusdam nesciunt possimus impedit. Porro magnam molestiae sint earum magnam minus consequuntur.,2023,T,77,Family,LU,
672,sit voluptatum Story,Ipsa iste enim deleniti pariatur molestiae nulla. Omnis quae nostrum illum nisi. Sit possimus laboriosam consectetur nemo labore.,2023,E,162,Sci-Fi,DE,4
2937,tempora excepturi Story,Asperiores dignissimos earum dolores ipsam dolorem. Nobis neque reiciendis fuga veniam rem eveniet officia. Sapiente excepturi hic dolorem labore nostrum veniam ea asperiores. Architecto ut illo at sequi est quo. Alias eveniet enim. Minima distinctio quasi error dolorum voluptatum excepturi dignissimos ipsa.,2022,MA15+,150,Thriller,SY,6
765,at suscipit Story,Ipsum tempore voluptates. Provident aut sequi at reprehenderit earum deleniti fugiat. Porro cupiditate aliquid. Deleniti natus sit. Accusantium laboriosam recusandae eius maiores dignissimos.,2022,6,116,Family,NE,
1010,omnis qui Story,Nobis soluta aperiam architecto tempore. Expedita numquam quam. Velit expedita eligendi fugiat sapiente aliquid necessitatibus odio inventore.,2023,TV-Y7,88,Thriller,HK,
1830,voluptatibus fugit Story,Sequi corporis ab quos modi occaecati ab. Cum quibusdam dicta inventore hic.,2022,18R,122,Adventure,ZA,4